City_ID,City,Country,Date,Lat,Lng,Max Temp,Humidity,Cloudiness,Wind Speed
0,Atuona,PF,2021-10-26 19:04:41,-9.8,-139.0333,77.25,67,6,15.57
1,Bahawalpur,PK,2021-10-26 19:00:15,29.4,71.6833,75.09,32,1,7.38
2,Albany,US,2021-10-26 19:00:24,42.6001,-73.9662,56.23,94,100,1.01
3,Sosva,RU,2021-10-26 19:04:41,59.1766,61.8558,24.55,85,74,3.89
4,Vao,NC,2021-10-26 19:04:41,-22.6667,167.4833,71.87,85,100,14.03
5,Rio Grande,BR,2021-10-26 19:04:42,-32.035,-52.0986,87.91,58,0,7.2
6,Atar,MR,2021-10-26 19:04:42,20.5169,-13.0499,90.09,24,21,10.36
7,Port Alfred,ZA,2021-10-26 19:04:42,-33.5906,26.891,66.51,83,79,29.57
8,Punta Arenas,CL,2021-10-26 19:04:43,-53.15,-70.9167,51.91,58,0,39.12
9,Jamestown,US,2021-10-26 19:03:52,42.097,-79.2353,44.19,99,90,8.99
10,Provideniya,RU,2021-10-26 19:04:43,64.3833,-173.3,15.26,83,99,5.46
11,Hovd,MN,2021-10-26 19:04:43,48.0056,91.6419,35.55,42,0,3.33
12,Belaya Gora,RU,2021-10-26 19:04:43,68.5333,146.4167,-9.24,100,60,2.26
13,Mar Del Plata,AR,2021-10-26 19:01:44,-38.0023,-57.5575,73.17,48,0,8.23
14,Rikitea,PF,2021-10-26 19:04:44,-23.1203,-134.9692,74.71,80,100,19.33
15,Avarua,CK,2021-10-26 19:04:44,-21.2078,-159.775,75.25,69,96,12.66
16,Ratnagiri,IN,2021-10-26 19:04:45,16.9833,73.3,76.33,79,3,6.82
17,Virginia Beach,US,2021-10-26 19:03:28,36.8529,-75.978,71.02,63,36,3.0
18,Tasiilaq,GL,2021-10-26 19:02:19,65.6145,-37.6368,33.48,83,100,4.07
19,Kinkala,CG,2021-10-26 19:04:45,-4.3614,14.7644,76.78,77,100,3.67
20,Cape Town,ZA,2021-10-26 19:00:56,-33.9258,18.4232,71.28,59,100,4.0
21,Ponta Do Sol,PT,2021-10-26 19:04:46,32.6667,-17.1,70.72,67,9,3.96
22,Tessalit,ML,2021-10-26 19:04:46,20.1986,1.0114,88.18,15,17,8.08
23,Kloulklubed,PW,2021-10-26 19:04:46,7.0419,134.2556,83.64,69,13,7.47
24,Razdolnoye,RU,2021-10-26 19:04:46,43.55,131.9167,46.81,93,100,4.76
25,Belyy Yar,RU,2021-10-26 19:04:47,53.6039,91.3903,31.89,93,0,4.47
26,Bathsheba,BB,2021-10-26 19:01:09,13.2167,-59.5167,83.05,67,35,16.2
27,Santana Do Livramento,BR,2021-10-26 19:04:00,-30.8908,-55.5328,83.16,45,0,5.12
28,Shimoda,JP,2021-10-26 19:04:47,34.6667,138.95,61.11,78,94,2.84
29,Bluff,NZ,2021-10-26 19:04:47,-46.6,168.3333,51.87,92,100,1.1
30,Baisha,CN,2021-10-26 19:04:48,26.5222,110.9311,58.5,97,100,1.74
31,Lewistown,US,2021-10-26 19:01:34,40.5992,-77.5714,53.89,87,90,8.05
32,Qaanaaq,GL,2021-10-26 19:04:48,77.484,-69.3632,17.46,94,100,14.65
33,Kapaa,US,2021-10-26 19:04:48,22.0752,-159.319,80.58,78,1,1.99
34,Palimbang,PH,2021-10-26 19:04:49,6.2106,124.1894,78.37,86,94,3.6
35,Codrington,AU,2021-10-26 19:03:15,-38.2667,141.9667,48.16,55,0,7.85
36,Koppang,NO,2021-10-26 19:04:49,61.5706,11.0555,36.16,90,80,1.43
37,Berlevag,NO,2021-10-26 19:04:49,70.8578,29.0864,33.75,64,75,32.21
38,Port Moresby,PG,2021-10-26 19:04:50,-9.4431,147.1797,75.74,91,65,4.88
39,Yellowknife,CA,2021-10-26 19:04:50,62.456,-114.3525,37.42,100,90,4.61
40,New Norfolk,AU,2021-10-26 19:04:50,-42.7826,147.0587,43.75,79,11,2.39
41,Hermanus,ZA,2021-10-26 19:04:51,-34.4187,19.2345,65.8,83,100,17.02
42,Victoria,HK,2021-10-26 19:04:16,22.2855,114.1577,78.33,86,100,1.01
43,Pathein,MM,2021-10-26 19:04:51,16.7833,94.7333,75.07,92,51,0.81
44,Cidreira,BR,2021-10-26 19:04:51,-30.1811,-50.2056,76.35,54,0,9.35
45,Dunedin,NZ,2021-10-26 18:59:57,-45.8742,170.5036,53.42,97,100,4.88
46,Cabo San Lucas,MX,2021-10-26 19:04:52,22.8909,-109.9124,89.62,53,5,11.01
47,Busselton,AU,2021-10-26 19:01:42,-33.65,115.3333,48.04,92,100,10.31
48,East London,ZA,2021-10-26 19:01:51,-33.0153,27.9116,67.03,81,92,21.16
49,Praia Da Vitoria,PT,2021-10-26 19:04:52,38.7333,-27.0667,71.76,93,98,22.77
50,Faya,SA,2021-10-26 19:04:52,18.3851,42.4509,61.32,62,4,1.81
51,Airai,TL,2021-10-26 19:04:53,-8.9266,125.4092,62.29,84,46,0.78
52,Lompoc,US,2021-10-26 19:04:53,34.6391,-120.4579,70.7,51,1,12.66
53,Barrow,US,2021-10-26 19:04:53,71.2906,-156.7887,24.82,86,90,5.75
54,Khatanga,RU,2021-10-26 19:04:53,71.9667,102.5,0.93,99,100,2.59
55,Kawalu,ID,2021-10-26 19:04:54,-7.3817,108.2082,72.64,97,100,1.34
56,Talnakh,RU,2021-10-26 19:04:54,69.4865,88.3972,14.76,95,100,5.73
57,Katsuura,JP,2021-10-26 19:04:54,35.1333,140.3,60.91,72,100,6.38
58,Mataura,NZ,2021-10-26 19:04:55,-46.1927,168.8643,51.71,99,97,0.11
59,Inhambane,MZ,2021-10-26 19:04:55,-23.865,35.3833,73.38,83,0,3.44
60,Rio Gallegos,AR,2021-10-26 19:04:55,-51.6226,-69.2181,59.05,25,40,43.73
61,Portland,US,2021-10-26 19:00:55,45.5234,-122.6762,57.61,83,90,4.0
62,Abu Dhabi,AE,2021-10-26 19:04:56,24.4667,54.3667,84.31,51,0,8.05
63,Plettenberg Bay,ZA,2021-10-26 19:04:56,-34.0527,23.3716,63.84,89,87,16.37
64,Kurumkan,RU,2021-10-26 19:04:56,54.3,110.3,31.87,83,19,4.07
65,Kaitangata,NZ,2021-10-26 19:01:41,-46.2817,169.8464,51.46,97,100,3.0
66,Chokurdakh,RU,2021-10-26 19:04:57,70.6333,147.9167,-15.18,100,87,4.18
67,Mahebourg,MU,2021-10-26 19:01:07,-20.4081,57.7,74.25,74,12,15.73
68,Bandarbeyla,SO,2021-10-26 19:04:57,9.4942,50.8122,78.33,79,4,7.56
69,Arraial Do Cabo,BR,2021-10-26 19:03:30,-22.9661,-42.0278,75.06,88,75,10.36
70,Hobart,AU,2021-10-26 19:00:02,-42.8794,147.3294,43.27,91,2,4.0
71,Rocha,UY,2021-10-26 19:00:27,-34.4833,-54.3333,83.61,50,0,9.82
72,Sitka,US,2021-10-26 19:04:58,57.0531,-135.33,46.29,76,75,4.61
73,Tiksi,RU,2021-10-26 19:04:58,71.6872,128.8694,13.87,95,100,2.86
74,Vila Franca Do Campo,PT,2021-10-26 19:04:58,37.7167,-25.4333,72.01,84,28,11.25
75,Dali,CN,2021-10-26 19:04:59,25.7,100.1833,52.39,91,3,4.09
76,Khasan,RU,2021-10-26 19:04:59,42.4308,130.6434,53.4,65,100,16.31
77,Coahuayana,MX,2021-10-26 19:04:59,18.7333,-103.6833,87.57,62,100,5.03
78,Georgetown,MY,2021-10-26 19:04:59,5.4112,100.3354,78.89,92,40,5.75
79,Ushuaia,AR,2021-10-26 19:01:36,-54.8,-68.3,48.88,59,66,7.36
80,Kodiak,US,2021-10-26 19:05:00,57.79,-152.4072,39.27,77,100,10.65
81,Izhma,RU,2021-10-26 19:05:00,65.0083,53.9113,17.13,97,48,2.64
82,Sao Filipe,CV,2021-10-26 19:05:01,14.8961,-24.4956,79.92,73,61,10.69
83,Ngunguru,NZ,2021-10-26 19:05:02,-35.6167,174.5,63.16,90,100,4.99
84,Whitehorse,CA,2021-10-26 19:00:23,60.7161,-135.0538,29.1,92,100,3.0
85,Varkaus,FI,2021-10-26 19:05:02,62.3153,27.873,46.51,94,100,9.19
86,Carnarvon,AU,2021-10-26 19:05:03,-24.8667,113.6333,66.27,52,90,8.05
87,Meadow Lake,US,2021-10-26 19:00:23,34.8014,-106.5436,67.84,23,92,28.48
88,Omboue,GA,2021-10-26 19:05:04,-1.5746,9.2618,76.8,88,64,8.63
89,Vaini,TO,2021-10-26 19:05:04,-21.2,-175.2,73.56,83,40,10.36
90,Majholi,IN,2021-10-26 19:05:05,23.5,79.9167,69.57,58,33,4.32
91,Bayamo,CU,2021-10-26 19:05:06,20.3792,-76.6433,91.92,50,100,2.53
92,Sao Lourenco Da Serra,BR,2021-10-26 19:05:07,-23.8525,-46.9425,76.96,81,100,7.02
93,Bilma,NE,2021-10-26 19:05:07,18.6853,12.9164,86.18,12,0,7.49
94,Morros,BR,2021-10-26 19:04:40,-9.4467,-46.3003,97.84,23,83,10.07
95,Chapais,CA,2021-10-26 19:04:20,49.7834,-74.8492,45.07,49,100,8.48
96,Hithadhoo,MV,2021-10-26 19:05:08,-0.6,73.0833,83.48,72,100,17.87
97,Valparaiso,CL,2021-10-26 19:00:21,-33.0393,-71.6273,62.47,68,56,8.66
98,Najran,SA,2021-10-26 19:05:08,17.4924,44.1277,66.92,14,4,0.69
99,Bettendorf,US,2021-10-26 19:02:07,41.5245,-90.5157,59.2,58,1,5.99
100,Hilo,US,2021-10-26 19:01:47,19.7297,-155.09,81.25,72,62,4.0
101,Ribeira Grande,PT,2021-10-26 19:05:09,38.5167,-28.7,72.0,88,75,17.27
102,Alofi,NU,2021-10-26 19:05:09,-19.0595,-169.9187,76.89,78,75,13.8
103,Chuy,UY,2021-10-26 19:05:10,-33.6971,-53.4616,82.04,46,0,9.4
104,Buala,SB,2021-10-26 19:04:23,-8.145,159.5921,79.74,80,100,4.76
105,Caravelas,BR,2021-10-26 19:05:10,-17.7125,-39.2481,80.28,68,10,8.03
106,Duluth,US,2021-10-26 19:01:30,46.7833,-92.1066,50.56,65,1,5.99
107,Nago,JP,2021-10-26 19:05:10,26.5881,127.9761,68.07,66,45,7.14
108,Pathalgaon,IN,2021-10-26 19:05:11,22.5667,83.4667,64.15,68,0,4.5
109,Molfetta,IT,2021-10-26 19:05:11,41.2002,16.5975,62.67,76,94,3.44
110,Pisco,PE,2021-10-26 19:02:15,-13.7,-76.2167,66.02,81,77,8.55
111,Fomboni,KM,2021-10-26 19:05:11,-12.28,43.7425,79.18,80,15,6.87
112,Marsh Harbour,BS,2021-10-26 19:05:12,26.5412,-77.0636,82.44,75,15,16.33
113,La Asuncion,VE,2021-10-26 19:05:12,11.0333,-63.8628,82.35,73,100,16.71
114,Rovaniemi,FI,2021-10-26 19:05:12,66.5,25.7167,31.41,100,90,8.05
115,Te Anau,NZ,2021-10-26 19:05:13,-45.4167,167.7167,50.74,94,100,0.83
116,Churapcha,RU,2021-10-26 19:05:13,62.0025,132.4325,29.34,98,100,3.33
117,Erenhot,CN,2021-10-26 19:05:13,43.6475,111.9767,40.84,41,0,8.61
118,Casper,US,2021-10-26 19:02:06,42.8666,-106.3131,42.01,91,90,8.01
119,Tazovskiy,RU,2021-10-26 19:05:14,67.4667,78.7,20.86,96,100,7.61
120,Huilong,CN,2021-10-26 19:05:14,31.8111,121.655,64.04,73,26,4.54
121,Deputatskiy,RU,2021-10-26 19:02:31,69.3,139.9,-2.02,96,99,1.63
122,Peniche,PT,2021-10-26 19:05:14,39.3558,-9.3811,69.28,73,4,11.65
123,Reconquista,AR,2021-10-26 19:05:15,-29.15,-59.65,94.42,15,0,11.5
124,Ancud,CL,2021-10-26 19:05:15,-41.8697,-73.8203,57.42,85,100,10.65
125,Grand Gaube,MU,2021-10-26 19:03:06,-20.0064,57.6608,74.37,70,1,5.99
126,Durban,ZA,2021-10-26 19:04:26,-29.8579,31.0292,67.01,90,100,3.0
127,Anadyr,RU,2021-10-26 19:05:15,64.75,177.4833,-4.0,83,96,5.99
128,Ghanzi,BW,2021-10-26 19:05:16,-21.5667,21.7833,78.4,39,21,9.06
129,Sola,VU,2021-10-26 19:05:16,-13.8833,167.55,80.55,77,100,5.41
130,Bethel,US,2021-10-26 19:05:16,41.3712,-73.414,61.93,93,100,5.01
131,Narsaq,GL,2021-10-26 19:05:17,60.9167,-46.05,39.42,61,1,6.02
132,Viedma,AR,2021-10-26 19:05:17,-40.8135,-62.9967,88.95,10,0,17.4
133,Abu Samrah,SY,2021-10-26 19:05:17,35.3029,37.1841,67.14,36,19,3.96
134,Curuguaty,PY,2021-10-26 19:05:17,-24.4694,-55.6945,87.71,39,19,2.89
135,Chicama,PE,2021-10-26 19:05:18,-7.8447,-79.1469,63.14,57,86,10.45
136,Bredasdorp,ZA,2021-10-26 19:01:45,-34.5322,20.0403,65.28,83,100,19.06
137,Venice,US,2021-10-26 19:05:18,27.0998,-82.4543,88.07,76,2,4.0
138,Torbay,CA,2021-10-26 19:05:18,47.6666,-52.7314,44.58,75,21,3.0
139,Port Macquarie,AU,2021-10-26 19:05:19,-31.4333,152.9167,57.88,100,40,0.0
140,Pilani,IN,2021-10-26 19:05:19,28.3684,75.6041,71.28,40,0,0.11
141,Carutapera,BR,2021-10-26 19:03:32,-1.195,-46.02,86.02,66,26,11.45
142,Puerto Ayora,EC,2021-10-26 19:05:19,-0.7393,-90.3518,76.96,77,78,11.43
143,Kysyl-Syr,RU,2021-10-26 19:05:20,63.8986,122.7617,30.94,97,100,8.21
144,Coquimbo,CL,2021-10-26 19:05:20,-29.9533,-71.3436,62.33,72,75,12.66
145,Kirovskiy,RU,2021-10-26 19:05:20,45.0917,133.5136,46.53,95,100,4.76
146,Khani,GE,2021-10-26 19:05:21,41.9563,42.9566,35.17,73,1,5.88
147,Maragogi,BR,2021-10-26 19:05:21,-9.0122,-35.2225,80.58,71,26,12.8
148,Dickinson,US,2021-10-26 19:05:21,29.4608,-95.0513,85.19,75,75,1.99
149,Touros,BR,2021-10-26 19:04:13,-5.1989,-35.4608,81.5,63,10,16.31
150,Leningradskiy,RU,2021-10-26 19:05:15,69.3833,178.4167,8.83,94,100,23.53
151,Kabare,CD,2021-10-26 19:05:22,-2.4683,28.8242,62.98,83,100,1.36
152,Lagoa,PT,2021-10-26 19:05:22,39.05,-27.9833,69.75,86,100,26.19
153,Moranbah,AU,2021-10-26 19:03:45,-22.0016,148.0466,68.99,88,5,5.3
154,Dagana,MR,2021-10-26 19:05:22,16.5165,-15.5068,98.02,16,98,5.79
155,Dasol,PH,2021-10-26 19:05:23,15.9902,119.8828,77.56,78,100,5.03
156,Nara,JP,2021-10-26 19:05:23,34.6851,135.8049,58.28,88,100,1.45
157,Benghazi,LY,2021-10-26 19:05:23,32.1167,20.0667,73.54,73,6,7.43
158,San Quintin,MX,2021-10-26 19:05:24,30.4833,-115.95,66.79,53,0,20.62
159,Lebu,CL,2021-10-26 19:05:24,-37.6167,-73.65,56.95,73,0,17.29
160,Ler,SS,2021-10-26 19:05:24,8.3018,30.1418,74.21,74,100,3.13
161,Castro,BR,2021-10-26 19:05:24,-24.7911,-50.0119,74.26,49,100,2.33
162,Harper,LR,2021-10-26 19:05:25,4.375,-7.7169,77.54,87,100,7.07
163,Tevaitoa,PF,2021-10-26 19:01:18,-16.7833,-151.5,77.85,77,28,7.74
164,Kedrovyy,RU,2021-10-26 19:01:08,56.1667,91.8167,52.21,49,100,14.65
165,Vila Velha,BR,2021-10-26 19:05:25,-20.3297,-40.2925,76.95,83,20,10.36
166,Zhezkazgan,KZ,2021-10-26 19:05:26,47.8043,67.7144,40.75,59,100,13.58
167,Karakol,KG,2021-10-26 19:05:26,42.4907,78.3936,38.23,51,99,4.9
168,Polson,US,2021-10-26 19:05:26,47.6936,-114.1632,50.14,60,95,14.0
169,Peleduy,RU,2021-10-26 19:05:26,59.6289,112.7406,17.96,98,97,3.69
170,Barcelos,PT,2021-10-26 19:05:27,41.5388,-8.6151,64.85,69,12,3.8
171,Avera,US,2021-10-26 19:02:59,33.194,-82.5271,73.27,40,0,9.75
172,Longyearbyen,SJ,2021-10-26 19:03:10,78.2186,15.6401,13.84,73,20,6.91
173,Luanda,AO,2021-10-26 19:01:01,-8.8368,13.2343,75.33,77,63,12.77
174,Insch,GB,2021-10-26 19:05:28,57.3427,-2.6132,59.68,88,100,13.91
175,Noumea,NC,2021-10-26 19:04:05,-22.2763,166.4572,73.99,99,100,6.93
176,Thinadhoo,MV,2021-10-26 19:05:28,0.5333,72.9333,83.46,72,100,17.52
177,Souillac,MU,2021-10-26 19:05:28,-20.5167,57.5167,74.35,75,8,13.87
178,Upernavik,GL,2021-10-26 19:05:29,72.7868,-56.1549,14.92,49,17,5.82
179,Likasi,CD,2021-10-26 19:05:29,-10.9814,26.7333,73.98,50,100,3.36
180,Mercedes,AR,2021-10-26 19:05:29,-34.6515,-59.4307,99.86,14,5,7.72
181,Nikolskoye,RU,2021-10-26 19:02:55,59.7035,30.7861,45.88,89,100,7.52
182,Esperance,AU,2021-10-26 19:02:26,-33.8667,121.9,49.95,90,6,13.31
183,Honiara,SB,2021-10-26 19:05:30,-9.4333,159.95,76.19,83,40,3.36
184,Sabla,NG,2021-10-26 19:05:30,12.7525,4.7077,88.74,22,18,7.34
185,Banda Aceh,ID,2021-10-26 19:04:47,5.5577,95.3222,78.84,82,99,8.28
186,Pyinmana,MM,2021-10-26 19:05:31,19.7333,96.2167,72.25,93,5,1.68
187,Astoria,US,2021-10-26 19:03:59,46.1879,-123.8313,55.15,94,90,1.99
188,Piastow,PL,2021-10-26 19:05:31,52.1843,20.8395,54.1,75,75,6.91
189,Miramar,US,2021-10-26 19:00:43,25.9873,-80.2323,92.01,69,20,1.99
190,Knysna,ZA,2021-10-26 19:05:31,-34.0363,23.0471,64.78,92,93,12.01
191,Mbini,GQ,2021-10-26 19:05:32,1.574,9.6134,76.87,88,90,3.51
192,Port Elizabeth,ZA,2021-10-26 19:05:32,-33.918,25.5701,68.09,82,90,16.11
193,Port Hedland,AU,2021-10-26 19:05:32,-20.3167,118.5667,71.65,83,0,10.36
194,Haines Junction,CA,2021-10-26 19:05:33,60.7522,-137.5108,30.18,78,100,2.33
195,West Wendover,US,2021-10-26 19:05:33,40.7391,-114.0733,51.01,50,75,19.57
196,Khvoynaya,RU,2021-10-26 19:05:33,58.9,34.5333,34.95,94,100,7.23
197,Myrhorod,UA,2021-10-26 19:05:34,49.9685,33.6089,38.25,55,21,8.16
198,Karratha,AU,2021-10-26 19:05:34,-20.7377,116.8463,73.58,28,0,11.5
199,Yeniseysk,RU,2021-10-26 19:05:34,58.4497,92.1703,46.27,65,100,12.37
200,Atibaia,BR,2021-10-26 19:05:35,-23.131,-46.589,86.58,67,77,6.33
201,Husavik,IS,2021-10-26 19:05:35,66.0449,-17.3389,40.06,90,100,13.58
202,Jingdezhen,CN,2021-10-26 19:05:35,29.2947,117.2079,61.0,79,99,2.44
203,Waipawa,NZ,2021-10-26 19:05:36,-41.4122,175.5153,56.03,77,100,10.87
204,Yakeshi,CN,2021-10-26 19:05:36,49.2833,120.7333,34.81,68,7,13.71
205,Dikson,RU,2021-10-26 19:05:36,73.5069,80.5464,13.48,85,100,10.67
206,Huron,US,2021-10-26 19:05:36,41.1501,-82.5499,50.97,75,28,19.73
207,Clyde River,CA,2021-10-26 19:05:37,70.4692,-68.5914,23.09,82,100,3.89
208,Madison,US,2021-10-26 19:04:18,34.7334,-86.5667,64.99,60,1,1.01
209,Sabzevar,IR,2021-10-26 19:05:37,36.2126,57.6819,56.95,27,100,10.69
210,Gorom-Gorom,BF,2021-10-26 19:05:37,14.4439,-0.2361,93.63,12,9,6.78
211,Tyup,KG,2021-10-26 19:05:38,42.7276,78.3648,40.6,52,100,3.31
212,Sambava,MG,2021-10-26 19:05:38,-14.2667,50.1667,73.72,81,4,13.24
213,Poum,NC,2021-10-26 19:05:38,-20.2333,164.0167,73.87,75,96,5.14
214,Burns Lake,CA,2021-10-26 19:05:39,54.2331,-125.7533,42.19,79,100,6.78
215,Yalta,UA,2021-10-26 19:05:39,44.5,34.1667,46.27,81,26,12.08
216,Price,US,2021-10-26 19:05:39,39.5994,-110.8107,47.46,39,20,19.57
217,Timra,SE,2021-10-26 19:05:40,62.487,17.3257,41.68,94,15,4.61
218,Fairbanks,US,2021-10-26 19:02:51,64.8378,-147.7164,30.16,93,90,0.0
219,Zhigalovo,RU,2021-10-26 19:05:40,54.8097,105.1578,33.13,92,67,3.27
220,Sao Miguel Do Araguaia,BR,2021-10-26 19:05:40,-13.275,-50.1628,89.44,49,71,8.41
221,Constitucion,CL,2021-10-26 19:05:41,-35.3333,-72.4167,64.63,65,29,17.85
222,Kununurra,AU,2021-10-26 19:05:41,-15.7667,128.7333,82.38,69,0,8.05
223,Butaritari,KI,2021-10-26 19:02:24,3.0707,172.7902,82.29,75,48,12.19
224,Yumen,CN,2021-10-26 19:05:42,40.2833,97.2,37.89,66,0,5.57
225,Saint George,US,2021-10-26 19:05:42,37.1041,-113.5841,61.63,37,1,8.01
226,Staraya Mayna,RU,2021-10-26 19:05:42,54.6,48.95,37.76,67,100,13.42
227,Kirakira,SB,2021-10-26 19:05:43,-10.4544,161.9205,78.98,85,19,4.63
228,Tuktoyaktuk,CA,2021-10-26 19:02:25,69.4541,-133.0374,28.94,94,100,5.35
229,Montrose,US,2021-10-26 19:05:43,38.4166,-108.2673,36.97,88,100,14.09
230,Dortmund,DE,2021-10-26 19:02:06,51.5167,7.45,55.65,73,40,1.99
231,Bengkulu,ID,2021-10-26 19:02:21,-3.8004,102.2655,75.94,89,100,5.44
232,Ostrovnoy,RU,2021-10-26 19:05:43,68.0531,39.5131,28.89,85,100,9.48
233,Magadi,IN,2021-10-26 19:04:54,12.9667,77.2333,70.14,83,100,4.92
234,Saint-Philippe,RE,2021-10-26 19:05:44,-21.3585,55.7679,71.19,79,38,11.7
235,Kruisfontein,ZA,2021-10-26 19:05:22,-34.0033,24.7314,65.88,81,100,20.8
236,Yar-Sale,RU,2021-10-26 19:05:44,66.8333,70.8333,15.37,93,46,6.42
237,Namibe,AO,2021-10-26 19:05:44,-15.1961,12.1522,65.8,77,42,12.01
238,Kavieng,PG,2021-10-26 19:05:45,-2.5744,150.7967,81.41,73,53,1.39
239,Rolla,US,2021-10-26 19:05:45,37.9514,-91.7713,65.05,48,1,1.01
240,Muyezerskiy,RU,2021-10-26 19:05:45,63.9333,31.65,41.11,98,100,11.01
241,Perm,RU,2021-10-26 19:05:46,58.0174,56.2855,31.46,93,75,13.42
242,Zhigansk,RU,2021-10-26 19:05:46,66.7697,123.3711,26.11,97,100,8.81
243,Ankazobe,MG,2021-10-26 19:05:46,-18.3167,47.1167,63.01,68,5,5.21
244,Chiredzi,ZW,2021-10-26 19:02:14,-21.05,31.6667,72.93,60,13,6.67
245,Anan,JP,2021-10-26 19:05:47,33.9167,134.65,61.45,74,100,5.5
246,Hambantota,LK,2021-10-26 19:05:47,6.1241,81.1185,73.74,100,90,1.14
247,Tallahassee,US,2021-10-26 19:05:12,30.4383,-84.2807,79.68,51,20,4.0
248,Laurel,US,2021-10-26 19:05:47,39.0993,-76.8483,64.18,66,90,7.0
249,Roald,NO,2021-10-26 19:05:48,62.5833,6.1333,50.92,76,40,6.91
250,Paita,PE,2021-10-26 19:05:48,-5.0892,-81.1144,75.76,69,100,16.13
251,Mao,ES,2021-10-26 19:05:48,39.8885,4.2658,59.56,82,20,8.05
252,Presidente Medici,BR,2021-10-26 19:05:48,-11.1753,-61.9014,79.52,72,100,3.38
253,Santa Luzia,BR,2021-10-26 19:05:49,-19.7697,-43.8514,74.3,74,75,8.01
254,Vardo,NO,2021-10-26 19:03:25,70.3705,31.1107,35.58,69,75,28.77
255,Tres Lagoas,BR,2021-10-26 19:05:49,-20.7511,-51.6783,83.75,58,86,5.19
256,Saint-Pierre,RE,2021-10-26 19:05:49,-21.3393,55.4781,71.28,68,0,3.44
257,Lata,PT,2021-10-26 19:05:50,40.1629,-8.3327,60.82,62,2,2.46
258,Bambous Virieux,MU,2021-10-26 19:05:50,-20.3428,57.7575,74.21,74,18,15.59
259,Boguchany,RU,2021-10-26 19:05:50,58.3814,97.4531,38.71,79,100,10.94
260,Chik,RU,2021-10-26 19:05:51,54.9928,82.4311,38.17,64,75,20.13
261,Omsukchan,RU,2021-10-26 19:05:51,62.5333,155.8,-3.12,97,24,2.64
262,Tacoronte,ES,2021-10-26 19:05:51,28.4769,-16.4102,67.26,66,75,11.01
263,Pocerski Pricinovic,RS,2021-10-26 19:05:52,44.7222,19.7072,47.93,75,10,4.34
264,Aiquile,BO,2021-10-26 19:05:52,-18.2041,-65.1807,75.02,21,0,17.54
265,Meulaboh,ID,2021-10-26 19:05:52,4.1363,96.1285,76.14,88,99,4.43
266,Barnstaple,GB,2021-10-26 19:05:53,51.0802,-4.0581,60.69,89,100,16.62
267,Sept-Iles,CA,2021-10-26 19:05:01,50.2001,-66.3821,50.05,69,12,4.0
268,Dimapur,IN,2021-10-26 19:05:53,25.9,93.7333,68.13,90,0,0.6
269,Berezniki,RU,2021-10-26 19:05:53,59.4152,56.8124,30.83,98,99,2.77
270,Severo-Kurilsk,RU,2021-10-26 19:05:54,50.6789,156.125,43.21,88,100,4.68
271,Bereda,ES,2021-10-26 19:05:54,43.2686,-7.5406,56.57,100,94,1.57
272,Kuressaare,EE,2021-10-26 19:05:54,58.2481,22.5039,48.94,97,90,5.99
273,Turbat,PK,2021-10-26 19:05:54,26.0023,63.044,77.4,56,0,1.23
274,Koyelga,RU,2021-10-26 19:05:55,54.6522,60.9049,31.91,59,100,9.89
275,Pahrump,US,2021-10-26 19:05:55,36.2083,-115.9839,65.61,40,0,1.99
276,Beira,MZ,2021-10-26 19:05:55,-19.8436,34.8389,74.86,79,2,7.9
277,Thompson,CA,2021-10-26 19:04:25,55.7435,-97.8558,35.76,93,90,4.61
278,Sabang,ID,2021-10-26 19:05:56,5.8933,95.3214,81.61,75,81,11.43
279,Richards Bay,ZA,2021-10-26 19:05:56,-28.783,32.0377,67.23,92,100,3.83
280,Cayenne,GF,2021-10-26 19:05:56,4.9333,-52.3333,84.24,80,90,5.01
281,Barra Dos Coqueiros,BR,2021-10-26 19:05:56,-10.9089,-37.0386,84.22,65,40,12.66
282,Agadez,NE,2021-10-26 19:05:57,19.75,10.25,84.67,12,0,8.55
283,Faanui,PF,2021-10-26 19:05:57,-16.4833,-151.75,77.95,77,43,9.69
284,Nazare,BR,2021-10-26 19:05:57,-13.035,-39.0144,79.75,76,57,7.27
285,Deyang,CN,2021-10-26 19:05:58,31.1302,104.382,63.9,80,97,1.77
286,Kamaishi,JP,2021-10-26 19:05:58,39.2667,141.8833,51.31,80,7,5.79
287,Champerico,GT,2021-10-26 19:05:58,14.3,-91.9167,90.77,74,12,7.2
288,Necochea,AR,2021-10-26 19:05:59,-38.5473,-58.7368,68.85,52,0,10.51
289,Orangeville,CA,2021-10-26 19:05:59,43.9168,-80.0997,42.33,94,100,17.43
290,Saskylakh,RU,2021-10-26 19:05:59,71.9167,114.0833,0.36,98,100,1.1
291,Genhe,CN,2021-10-26 19:05:59,50.7833,121.5167,30.65,89,45,4.99
292,Tautira,PF,2021-10-26 19:06:00,-17.7333,-149.15,82.42,79,22,7.4
293,Norman Wells,CA,2021-10-26 19:06:00,65.282,-126.8329,28.44,86,75,0.0
294,Nanortalik,GL,2021-10-26 19:06:00,60.1432,-45.2371,36.5,67,79,3.4
295,Tsaratanana,MG,2021-10-26 19:06:01,-16.7833,47.65,73.96,59,0,10.94
296,Ketchikan,US,2021-10-26 19:06:02,55.3422,-131.6461,43.45,92,100,10.63
297,Havelock,US,2021-10-26 19:06:03,34.8791,-76.9013,73.35,65,7,13.0
298,Vanersborg,SE,2021-10-26 19:06:03,58.3807,12.3234,50.67,93,100,6.91
299,Kargasok,RU,2021-10-26 19:06:03,59.0556,80.8572,26.44,84,100,27.96
300,Chifeng,CN,2021-10-26 19:06:04,42.2683,118.9636,40.84,49,0,5.86
301,Boden,SE,2021-10-26 19:06:04,65.8252,21.6886,33.8,97,100,4.14
302,Cedar City,US,2021-10-26 19:06:04,37.6775,-113.0619,43.18,72,90,10.36
303,Geraldton,AU,2021-10-26 19:05:49,-28.7667,114.6,59.13,94,75,17.27
304,Ahipara,NZ,2021-10-26 19:06:05,-35.1667,173.1667,62.19,92,100,5.64
305,Varzea Da Palma,BR,2021-10-26 19:06:05,-17.5981,-44.7308,83.66,57,99,4.61
306,Aksu,CN,2021-10-26 19:02:27,41.1231,80.2644,50.59,36,100,3.8
307,Saint Anthony,US,2021-10-26 19:02:54,45.0205,-93.218,57.15,48,1,5.99
308,Port Lincoln,AU,2021-10-26 19:06:05,-34.7333,135.8667,68.31,44,96,7.52
309,Bontang,ID,2021-10-26 19:06:06,0.1333,117.5,78.03,87,78,5.32
310,Erzin,TR,2021-10-26 19:06:06,36.9559,36.2,66.92,36,37,4.43
311,Klaksvik,FO,2021-10-26 19:05:48,62.2266,-6.589,52.72,91,100,26.17
312,Badiraguato,MX,2021-10-26 19:06:06,25.3667,-107.5167,87.71,48,0,6.04
313,Sao Felix Do Xingu,BR,2021-10-26 19:06:07,-6.6447,-51.995,80.65,78,100,9.31
314,Kamenka,RU,2021-10-26 19:06:07,51.3223,42.7678,34.92,55,100,8.48
315,Armizonskoye,RU,2021-10-26 19:06:07,55.9461,67.6736,28.4,69,90,10.27
316,Moussoro,TD,2021-10-26 19:06:08,13.6408,16.4901,92.14,12,98,12.59
317,Taltal,CL,2021-10-26 19:06:08,-25.4,-70.4833,63.82,69,19,4.21
318,Gravdal,NO,2021-10-26 19:03:11,68.1214,13.5031,40.89,100,75,6.91
319,Natal,BR,2021-10-26 19:06:08,-5.795,-35.2094,81.25,74,75,14.97
320,Vostok,RU,2021-10-26 19:06:09,46.4856,135.8833,36.18,73,100,4.79
321,Koumac,NC,2021-10-26 19:06:09,-20.5667,164.2833,72.14,79,53,2.19
322,Kalengwa,ZM,2021-10-26 19:06:09,-13.4659,25.0027,73.63,35,30,3.15
323,Kaeo,NZ,2021-10-26 19:06:10,-35.1,173.7833,63.32,95,100,2.95
324,Kongolo,CD,2021-10-26 19:06:10,-5.3833,27.0,74.32,78,87,3.02
325,Mestia,GE,2021-10-26 19:06:10,43.0458,42.7278,27.75,62,0,5.97
326,Waingapu,ID,2021-10-26 19:03:39,-9.6567,120.2641,81.21,79,100,4.23
327,Tuatapere,NZ,2021-10-26 19:06:11,-46.1333,167.6833,53.58,96,92,1.23
328,Rock Sound,BS,2021-10-26 19:06:11,24.9,-76.2,82.0,76,0,14.34
329,Guzelyurt,TR,2021-10-26 19:06:11,38.2772,34.3719,32.79,37,2,2.42
330,Hasaki,JP,2021-10-26 19:05:46,35.7333,140.8333,52.29,69,12,5.64
331,Kahului,US,2021-10-26 19:06:12,20.8947,-156.47,85.26,62,20,5.75
332,Qandala,SO,2021-10-26 19:06:12,11.472,49.8728,80.46,59,6,4.32
333,Ijui,BR,2021-10-26 19:06:12,-28.3878,-53.9147,83.23,35,0,5.06
334,Sangar,RU,2021-10-26 19:06:13,63.9242,127.4739,21.54,96,100,4.79
335,San Patricio,US,2021-10-26 19:02:28,28.017,-97.5169,89.69,54,100,17.0
336,Dingle,PH,2021-10-26 19:06:13,10.9995,122.6711,75.52,93,100,6.44
337,Oriximina,BR,2021-10-26 19:06:13,-1.7656,-55.8661,91.71,49,62,1.34
338,Opuwo,NA,2021-10-26 19:06:14,-18.0607,13.84,74.3,21,13,10.22
339,Puerto Leguizamo,CO,2021-10-26 19:06:14,-0.1934,-74.7819,73.56,98,100,4.88
340,Mayo,US,2021-10-26 19:06:14,38.8876,-76.5119,65.95,63,75,21.99
341,Konstantinovka,RU,2021-10-26 19:06:15,49.6167,127.9833,37.56,75,100,5.55
342,Margate,GB,2021-10-26 19:05:27,51.3813,1.3862,59.97,81,96,4.0
343,Yarke Pole,UA,2021-10-26 19:06:15,45.608,34.3172,41.27,66,0,7.92
344,Mason City,US,2021-10-26 19:03:44,43.1536,-93.201,56.32,47,13,19.48
345,San Rafael,AR,2021-10-26 19:06:15,-34.6177,-68.3301,88.14,13,0,7.23
346,Inirida,CO,2021-10-26 19:06:16,3.8653,-67.9239,77.34,89,100,2.73
347,Mount Gambier,AU,2021-10-26 19:06:16,-37.8333,140.7667,53.37,42,4,10.16
348,Maniitsoq,GL,2021-10-26 19:03:43,65.4167,-52.9,33.13,54,6,6.38
349,Bogovarovo,RU,2021-10-26 19:06:16,58.9785,47.0246,34.93,95,100,7.27
350,Umm Lajj,SA,2021-10-26 19:04:02,25.0213,37.2685,79.81,62,0,4.74
351,Voka,EE,2021-10-26 19:06:17,59.3997,27.5817,45.1,88,100,13.29
352,Bastrop,US,2021-10-26 19:06:17,32.7562,-91.8724,77.43,54,83,1.99
353,Kochi,IN,2021-10-26 19:01:22,9.9399,76.2602,75.18,87,67,5.06
354,Luderitz,NA,2021-10-26 19:05:36,-26.6481,15.1594,59.09,93,3,2.3
355,Camacha,PT,2021-10-26 19:03:28,33.0833,-16.3333,67.42,64,40,11.5
356,Sorong,ID,2021-10-26 19:06:18,-0.8833,131.25,79.97,80,93,2.84
357,Biak,ID,2021-10-26 19:06:18,-0.9131,122.8766,76.66,84,80,0.58
358,Saint-Michel-Des-Saints,CA,2021-10-26 19:06:18,46.6834,-73.9159,47.93,86,100,10.2
359,Saint-Augustin,CA,2021-10-26 19:05:55,51.226,-58.6502,47.62,47,1,6.22
360,Pilar,BR,2021-10-26 19:06:19,-9.5972,-35.9567,78.73,68,35,11.34
361,Exeter,GB,2021-10-26 19:03:30,50.7236,-3.5275,59.85,92,100,14.32
362,Olafsvik,IS,2021-10-26 19:06:19,64.8945,-23.7142,42.51,75,100,26.51
363,Dalvik,IS,2021-10-26 19:06:19,65.9702,-18.5286,36.48,86,100,7.94
364,Matata,NZ,2021-10-26 19:06:20,-37.8833,176.75,64.15,96,98,4.52
365,Chaplygin,RU,2021-10-26 19:06:20,53.2432,39.9629,35.29,56,100,12.37
366,Xiashi,CN,2021-10-26 19:06:20,30.5363,120.6864,66.99,87,73,4.36
367,Brokopondo,SR,2021-10-26 19:06:21,4.75,-55.1667,87.66,56,66,1.7
368,Grindavik,IS,2021-10-26 19:02:43,63.8424,-22.4338,43.27,75,90,11.5
369,Keti Bandar,PK,2021-10-26 19:06:21,24.1447,67.4497,78.96,64,0,7.85
370,Nieuw Amsterdam,SR,2021-10-26 19:06:21,5.8833,-55.0833,91.56,66,40,6.91
371,Prince Rupert,CA,2021-10-26 19:04:28,54.3161,-130.3201,46.67,83,100,10.29
372,Beringovskiy,RU,2021-10-26 19:06:22,63.05,179.3167,8.85,98,100,24.11
373,Iralaya,HN,2021-10-26 19:06:22,15.0,-83.2333,85.3,69,100,7.58
374,Pitkyaranta,RU,2021-10-26 19:06:23,61.5734,31.4792,44.44,94,100,15.03
375,Axim,GH,2021-10-26 19:06:23,4.8699,-2.2405,78.13,86,100,7.36
376,Chara,RU,2021-10-26 19:06:23,56.9064,118.2631,27.5,77,45,3.13
377,Talara,PE,2021-10-26 19:06:23,-4.5772,-81.2719,75.96,64,40,12.66
378,Hit,IQ,2021-10-26 19:06:24,33.6416,42.8251,73.49,24,1,6.91
379,Mehamn,NO,2021-10-26 19:06:24,71.0357,27.8492,33.98,67,97,25.01
380,Puerto Escondido,MX,2021-10-26 19:06:24,15.85,-97.0667,86.58,69,20,7.92
381,Ilulissat,GL,2021-10-26 19:05:57,69.2167,-51.1,14.02,52,20,3.44
382,Isangel,VU,2021-10-26 19:01:36,-19.55,169.2667,75.99,86,8,5.28
383,Great Falls,US,2021-10-26 19:05:07,47.5002,-111.3008,55.67,33,1,11.01
384,Malanje,AO,2021-10-26 19:06:25,-9.5402,16.341,67.78,87,98,3.11
385,Sanquhar,GB,2021-10-26 19:06:25,55.3653,-3.9216,60.21,89,100,21.05
386,Mitu,CO,2021-10-26 19:06:26,1.1983,-70.1733,79.14,90,100,1.59
387,Mandalgovi,MN,2021-10-26 19:06:26,45.7625,106.2708,36.95,39,0,8.84
388,Tiznit,MA,2021-10-26 19:04:52,29.5833,-9.5,59.65,88,1,4.16
389,Ormara,PK,2021-10-26 19:06:26,25.2088,64.6357,78.04,64,0,9.26
390,Wisconsin Rapids,US,2021-10-26 19:06:27,44.3836,-89.8174,52.83,49,1,5.75
391,Alexandria,EG,2021-10-26 19:02:49,31.2156,29.9553,72.55,69,4,9.75
392,Makhinjauri,GE,2021-10-26 19:06:27,41.6739,41.694,48.06,87,0,10.36
393,Rognan,NO,2021-10-26 19:06:27,67.0953,15.3878,44.74,92,100,6.22
394,Adrar,MR,2021-10-26 19:06:28,20.5022,-10.0711,87.17,18,21,9.4
395,Maldonado,UY,2021-10-26 19:02:05,-34.6667,-54.9167,79.23,49,3,10.36
396,Kurush,RU,2021-10-26 19:06:28,41.2841,47.8345,17.49,68,98,1.07
397,Sao Joao Da Barra,BR,2021-10-26 19:06:28,-21.6403,-41.0511,78.89,94,100,4.41
398,Rincon,US,2021-10-26 19:02:37,32.296,-81.2354,73.85,53,1,11.5
399,Rock Springs,US,2021-10-26 19:05:29,41.5875,-109.2029,40.05,81,90,11.01
400,Sorland,NO,2021-10-26 19:04:54,67.667,12.6934,44.46,86,66,2.48
401,Sistranda,NO,2021-10-26 19:06:29,63.7256,8.834,46.9,77,98,14.36
402,Bubaque,GW,2021-10-26 19:02:39,11.2833,-15.8333,82.22,74,100,9.73
403,Los Llanos De Aridane,ES,2021-10-26 19:06:29,28.6585,-17.9182,69.55,73,20,10.0
404,Half Moon Bay,US,2021-10-26 19:03:26,37.4636,-122.4286,66.06,70,20,1.01
405,Dandong,CN,2021-10-26 19:06:30,40.1292,124.3947,45.1,68,0,6.29
406,Hamilton,US,2021-10-26 19:01:41,39.1834,-84.5333,58.57,57,40,3.0
407,Bardiyah,LY,2021-10-26 19:06:30,31.7561,25.0865,71.19,80,93,16.26
408,Tabou,CI,2021-10-26 19:06:30,4.423,-7.3528,77.67,86,100,6.62
409,Mahanje,TZ,2021-10-26 19:06:31,-9.9333,35.3333,67.01,86,53,4.99
410,Pevek,RU,2021-10-26 19:06:31,69.7008,170.3133,11.1,94,100,11.03
411,Ayagoz,KZ,2021-10-26 19:06:31,47.9714,80.4392,42.48,52,99,7.78
412,Valledupar,CO,2021-10-26 19:06:32,10.4631,-73.2532,92.77,48,100,8.46
413,Punganuru,IN,2021-10-26 19:06:32,13.3667,78.5833,67.87,92,100,2.46
414,Beloha,MG,2021-10-26 19:06:32,-25.1667,45.05,76.82,66,24,7.49
415,Lichinga,MZ,2021-10-26 19:06:33,-13.3128,35.2406,71.69,60,0,9.22
416,Karasjok,NO,2021-10-26 19:06:33,69.4719,25.5112,30.31,94,90,14.23
417,Vanimo,PG,2021-10-26 19:06:33,-2.6741,141.3028,77.04,90,46,4.76
418,Jorochito,BO,2021-10-26 19:06:34,-18.05,-63.4333,89.92,21,1,7.61
419,Khandyga,RU,2021-10-26 19:06:34,62.6667,135.6,26.53,98,100,2.37
420,Aquiraz,BR,2021-10-26 19:06:34,-3.9014,-38.3911,87.22,60,3,15.61
421,Yenagoa,NG,2021-10-26 19:06:35,4.9247,6.2642,77.59,86,37,4.92
422,Belmonte,BR,2021-10-26 19:06:35,-15.8631,-38.8828,81.1,74,14,9.86
423,Dire Dawa,ET,2021-10-26 19:06:35,9.5931,41.8661,72.12,60,4,3.36
424,Lucea,JM,2021-10-26 19:06:36,18.451,-78.1736,85.86,72,32,9.91
425,Cassilandia,BR,2021-10-26 19:06:36,-19.1133,-51.7342,86.07,51,99,5.28
426,Priolo Gargallo,IT,2021-10-26 19:06:36,37.1572,15.1802,67.42,88,100,28.68
427,Asau,RO,2021-10-26 19:06:37,46.4333,26.4,42.28,56,0,4.65
428,Ayan,RU,2021-10-26 19:06:37,56.45,138.1667,37.13,92,100,11.34
429,Werda,BW,2021-10-26 19:06:37,-25.2667,23.2833,80.76,24,61,9.06
430,Gemena,CD,2021-10-26 19:06:38,3.25,19.7667,71.74,95,10,1.12
431,Shingu,JP,2021-10-26 19:06:38,33.7333,135.9833,60.51,74,99,4.34
432,Nyakahanga,TZ,2021-10-26 19:06:38,-1.6033,31.1414,63.91,61,42,1.63
433,Burnie,AU,2021-10-26 19:06:39,-41.0667,145.9167,45.95,88,16,6.38
434,Halifax,CA,2021-10-26 19:05:06,44.6453,-63.5724,55.69,75,100,7.0
435,Tayu,ID,2021-10-26 19:06:39,-6.5397,111.0518,78.22,87,100,6.55
436,Nobeoka,JP,2021-10-26 19:06:39,32.5833,131.6667,57.38,74,100,4.63
437,Goundam,ML,2021-10-26 19:06:40,16.4145,-3.6708,94.42,14,52,8.08
438,Petropavlovsk-Kamchatskiy,RU,2021-10-26 19:06:40,53.0452,158.6483,30.79,93,40,4.47
439,Iberia,US,2021-10-26 19:06:40,29.9502,-91.7507,86.0,58,20,4.61
440,Tymovskoye,RU,2021-10-26 19:06:41,50.8456,142.655,31.87,88,6,5.03
441,Mouzouras,GR,2021-10-26 19:06:41,35.5333,24.15,62.44,82,90,6.91
442,Mujiayingzi,CN,2021-10-26 19:05:18,42.1167,118.7833,40.14,51,0,6.85
443,Lander,US,2021-10-26 19:04:39,42.833,-108.7307,42.98,94,90,9.22
444,Dudinka,RU,2021-10-26 19:06:41,69.4058,86.1778,15.46,96,100,5.68
445,Charlestown,AU,2021-10-26 19:06:42,-32.95,151.6667,60.12,96,11,5.46
446,Vaitape,PF,2021-10-26 19:06:42,-16.5167,-151.75,77.94,77,43,9.42
447,Westport,US,2021-10-26 19:06:42,41.1415,-73.3579,63.95,95,90,1.01
448,Bratsk,RU,2021-10-26 19:06:43,56.1325,101.6142,37.89,82,99,8.63
449,Namtsy,RU,2021-10-26 19:06:43,62.7161,129.6658,24.91,98,100,1.05
450,Yankton,US,2021-10-26 19:06:43,42.8711,-97.3973,52.05,71,90,19.57
451,Taraz,KZ,2021-10-26 19:06:44,42.9,71.3667,52.21,43,100,11.18
452,Verkhnevilyuysk,RU,2021-10-26 19:06:44,63.4453,120.3167,21.72,90,27,8.75
453,Bowen,AU,2021-10-26 19:06:44,-20.0167,148.2333,77.13,74,100,9.62
454,Trelew,AR,2021-10-26 19:06:45,-43.249,-65.3051,78.19,18,100,28.45
455,Hachinohe,JP,2021-10-26 19:06:45,40.5,141.5,48.02,91,7,8.14
456,Trairi,BR,2021-10-26 19:04:03,-3.2778,-39.2689,84.34,62,7,15.84
457,Mitsamiouli,KM,2021-10-26 19:06:45,-11.3847,43.2844,78.91,80,85,6.13
458,Lahad Datu,MY,2021-10-26 19:06:46,5.0268,118.327,76.51,90,98,1.23
459,Pallasovka,RU,2021-10-26 19:06:46,50.05,46.8833,34.9,47,28,8.12
460,Vega De Alatorre,MX,2021-10-26 19:06:46,20.0333,-96.6333,85.77,75,35,11.72
461,Leh,IN,2021-10-26 19:06:46,34.1667,77.5833,30.18,57,100,1.28
462,Tigil,RU,2021-10-26 19:06:47,57.8,158.6667,31.35,99,100,2.08
463,Ishigaki,JP,2021-10-26 19:06:47,24.3448,124.1572,77.36,61,57,13.2
464,Strezhevoy,RU,2021-10-26 19:06:47,60.7333,77.5889,22.98,76,100,26.87
465,Machico,PT,2021-10-26 19:06:48,32.7,-16.7667,70.88,76,40,9.22
466,Kostino,RU,2021-10-26 19:06:48,58.9097,53.2691,32.83,98,100,6.82
467,Stromness,GB,2021-10-26 19:06:48,58.965,-3.296,55.87,92,100,20.0
468,Koslan,RU,2021-10-26 19:06:48,63.4564,48.8989,26.22,84,100,6.31
469,Alice Springs,AU,2021-10-26 19:06:49,-23.7,133.8833,83.75,28,75,12.66
470,Okha,RU,2021-10-26 19:06:49,53.5739,142.9478,36.07,86,100,7.0
471,Notse,TG,2021-10-26 19:06:49,6.95,1.1667,76.59,92,100,4.52
472,Byron Bay,AU,2021-10-26 19:06:50,-28.65,153.6167,67.95,88,99,2.04
473,Velsk,RU,2021-10-26 19:06:50,61.0701,42.0983,36.09,98,100,7.4
474,Qasigiannguit,GL,2021-10-26 19:06:50,68.8193,-51.1922,14.25,78,14,4.34
475,Manono,CD,2021-10-26 19:06:50,-7.3,27.4167,75.04,70,11,2.84
476,Povenets,RU,2021-10-26 19:06:51,62.8487,34.8262,42.98,97,100,11.07
477,Solnechnyy,RU,2021-10-26 19:06:51,50.7214,136.6319,37.47,87,100,3.31
478,Lavrentiya,RU,2021-10-26 19:06:51,65.5833,-171.0,12.42,78,61,6.67
479,Cap-Aux-Meules,CA,2021-10-26 19:06:52,47.3821,-61.8597,49.57,67,100,7.29
480,Boende,CD,2021-10-26 19:03:19,-0.2167,20.8667,72.61,90,77,1.92
481,Macapa,BR,2021-10-26 19:06:52,0.0389,-51.0664,94.98,55,40,13.8
482,Pundaguitan,PH,2021-10-26 19:06:52,6.3711,126.1689,82.33,75,100,5.32
483,Verkhoyansk,RU,2021-10-26 19:04:52,67.5447,133.385,-0.53,98,99,0.6
484,Fatwa,IN,2021-10-26 19:06:53,25.5167,85.3167,69.89,61,20,3.67
485,Brae,GB,2021-10-26 19:06:53,60.3964,-1.353,53.51,96,100,26.66
486,Dustlik,UZ,2021-10-26 19:06:53,40.5247,68.0358,58.33,29,100,3.85
487,Ixtapa,MX,2021-10-26 19:06:54,20.7,-105.2,87.22,74,85,4.0
488,Bay City,US,2021-10-26 19:06:54,43.5945,-83.8889,51.12,64,40,4.61
489,Lazaro Cardenas,MX,2021-10-26 19:06:54,17.9583,-102.2,85.19,69,87,2.95
490,Launceston,AU,2021-10-26 19:06:55,-41.45,147.1667,43.16,92,9,3.44
491,Ossora,RU,2021-10-26 19:06:55,59.2353,163.0719,19.71,85,77,5.03
492,Belle Fourche,US,2021-10-26 19:06:55,44.6714,-103.8522,53.11,86,100,19.6
493,Ahuimanu,US,2021-10-26 19:06:56,21.4447,-157.8378,82.11,66,20,8.05
494,Canutama,BR,2021-10-26 19:06:56,-6.5339,-64.3831,82.4,70,76,0.81
495,Tura,IN,2021-10-26 19:02:06,25.5198,90.2201,66.34,92,0,3.49
496,Asfi,MA,2021-10-26 19:04:40,32.2994,-9.2372,67.53,76,0,12.95
497,Muros,ES,2021-10-26 19:06:57,42.7762,-9.0603,61.84,88,100,3.33
498,Yola,NG,2021-10-26 19:06:57,9.2,12.4833,78.78,78,100,2.15
499,Ouadda,CF,2021-10-26 19:06:57,8.0777,22.4007,73.69,76,95,1.45
500,Krasnoselkup,RU,2021-10-26 19:06:57,65.7,82.4667,22.89,95,100,15.66
501,Great Bend,US,2021-10-26 19:06:58,38.3645,-98.7648,70.32,82,90,23.02
502,Grand-Santi,GF,2021-10-26 19:06:58,4.25,-54.3833,93.92,38,65,4.52
503,Portoferraio,IT,2021-10-26 19:06:58,42.8115,10.3146,64.09,62,11,12.17
504,Berdigestyakh,RU,2021-10-26 19:06:59,62.0989,126.6992,26.6,95,100,3.85
505,Ventspils,LV,2021-10-26 19:06:59,57.3894,21.5606,51.73,93,40,12.66
506,Rawson,AR,2021-10-26 19:06:59,-43.3002,-65.1023,75.09,23,100,26.06
507,Bergkamen,DE,2021-10-26 19:07:00,51.6333,7.6333,55.44,79,40,14.97
508,Guerrero Negro,MX,2021-10-26 19:07:00,27.9769,-114.0611,69.98,50,0,22.59
509,Nouakchott,MR,2021-10-26 19:07:00,18.0858,-15.9785,81.14,57,90,22.46
510,Dabeiba,CO,2021-10-26 19:07:01,7.0017,-76.2672,80.24,93,100,2.93
511,Cherskiy,RU,2021-10-26 19:07:01,68.75,161.3,-18.8,100,97,4.41
512,Panaba,MX,2021-10-26 19:07:02,21.2833,-88.2667,93.0,50,100,5.66
513,Hofn,IS,2021-10-26 19:07:02,64.2539,-15.2082,41.11,94,100,29.01
514,Sosnovo-Ozerskoye,RU,2021-10-26 19:07:03,52.5249,111.5418,29.79,83,10,7.34
515,Tucurui,BR,2021-10-26 19:07:03,-3.7661,-49.6725,89.44,56,39,3.76
516,Haileybury,CA,2021-10-26 19:07:04,47.449,-79.6373,40.69,74,100,11.01
517,Roxana,CR,2021-10-26 19:07:04,10.2753,-83.7513,92.77,49,66,5.75
518,Chor,PK,2021-10-26 19:07:04,25.5167,69.7667,81.48,21,0,7.27
519,Port Blair,IN,2021-10-26 19:07:05,11.6667,92.75,80.49,82,62,6.67
520,New Plymouth,NZ,2021-10-26 19:07:05,-39.0667,174.0833,60.04,96,94,2.46
521,Qaqortoq,GL,2021-10-26 19:07:05,60.7167,-46.0333,39.7,60,0,5.91
522,Trinidad,BO,2021-10-26 19:07:05,-14.8333,-64.9,99.91,20,75,2.68
523,Huainan,CN,2021-10-26 19:07:06,32.6264,116.9969,59.9,65,79,5.32
524,San Pedro,PH,2021-10-26 19:07:06,14.35,121.0167,78.35,90,82,6.8
525,Acapulco,MX,2021-10-26 19:07:07,16.8634,-99.8901,84.29,74,37,4.88
526,Ibanda,TZ,2021-10-26 19:07:07,-2.7974,32.4746,71.71,62,96,2.15
527,Hargeysa,SO,2021-10-26 19:07:07,9.56,44.065,68.99,76,0,9.86
528,Paracuru,BR,2021-10-26 19:02:35,-3.41,-39.0306,82.11,65,5,16.6
529,Riohacha,CO,2021-10-26 19:03:19,11.5444,-72.9072,91.65,54,19,14.99
530,Playas,EC,2021-10-26 19:07:08,-2.6333,-80.3833,74.25,77,99,11.48
531,Auki,SB,2021-10-26 19:07:08,-8.7676,160.7034,77.02,86,81,2.8
532,Esfarayen,IR,2021-10-26 19:07:08,37.0765,57.5101,52.16,48,99,3.96
533,Iqaluit,CA,2021-10-26 19:07:08,63.7506,-68.5145,31.69,81,15,13.0
534,Christchurch,NZ,2021-10-26 19:07:09,-43.5333,172.6333,56.03,91,90,1.99
535,Ust-Koksa,RU,2021-10-26 19:07:09,50.2696,85.6108,35.94,64,47,3.91
536,Impfondo,CG,2021-10-26 19:02:17,1.6381,18.0667,73.6,94,12,2.06
537,Pombas,CV,2021-10-26 19:07:09,17.1503,-25.0201,76.78,76,56,12.48
538,Angoche,MZ,2021-10-26 19:07:10,-16.2325,39.9086,78.37,80,0,8.25
539,Palanga,LT,2021-10-26 19:07:10,55.9175,21.0686,51.82,93,90,9.22
540,Kudahuvadhoo,MV,2021-10-26 19:03:18,2.6708,72.8944,81.52,77,100,13.02
541,Ballina,AU,2021-10-26 19:07:10,-28.8667,153.5667,66.38,97,79,3.31
542,Araguaina,BR,2021-10-26 19:05:09,-7.1911,-48.2072,90.45,45,100,8.5
543,Kholm,RU,2021-10-26 19:07:11,59.2667,32.85,37.38,91,100,7.9
544,Saldanha,ZA,2021-10-26 19:07:11,-33.0117,17.9442,68.25,55,58,10.85
545,Nador,MA,2021-10-26 19:02:48,35.174,-2.9287,66.45,82,75,9.22
546,Miguel Hidalgo,MX,2021-10-26 19:07:11,19.4225,-99.2028,78.58,37,5,5.99
547,Coruripe,BR,2021-10-26 19:02:58,-10.1256,-36.1756,80.29,72,29,13.49
